Digitube,Antonie Rhodes,,"+86-932-840-9581
+1-404-849-0629",17.05.1987,$1231970.94,California
Digitube,Bee Buchan,,+86-217-818-6319,17.05.1987,$1231970.94,California
Digitube,Arnie Grabert,,+212-783-481-4774,17.05.1987,$1231970.94,California
Reälfire,Sonny Wink,,"+976-209-909-0783
+351-654-670-0293",07.09.1968,$1405289.38,California
Reälfire,Cody Heazel,,,07.09.1968,$1405289.38,California
Reälfire,Freda Facher,,+54-495-442-1554,07.09.1968,$1405289.38,California
Dynabox,,jpiotrowski9@jiathis.com,+86-821-620-7731,13.09.1979,,California
Blogpad,Sula Polin,,+46-514-346-4894,15.3.1976,$7657374.19,New Mexico
DabZ,,,,,$7085161.41,California
DabZ,,,,,$7085161.41,California
Yombu,Livvyy,,+269-119-638-8960,21.11.1996,$1751869.20,New York
Jazzy,Jillayne Yanshonok,,+93-311-125-0535,15.05.2019,$4628141.56,California
Babbleset,Mile Yurenin,,+86-901-520-7260,23.08.1975,$8272415.34,
Babbleset,Mile Yurenin,,+86-901-520-7260,23.08.1975,$8272415.34,
Aibox,,mchatelotl@fastcompany.com,+86-120-525-4742,29.03.1963,,New York
Innojam,Alana Zannotelli,azannotellim@netscape.com,,03.01.1970,$7509579.25,
Geba,Kinny Swinnerton,kswinnertonnnydailynews.com,+7-173-226-9372,26.01.1985,$2821238.64,California
Jazzy,Grier Biaggelli,,+81-512-474-4345,15.05.2019,$4628141.56,California
Zoombeat,KAI BENEZEIT,,+41-844-919-3645,21.01.1978,$4674023.84,California
Yakitri,BENEDICTA GARRICK,,+962-220-613-7559,03.06.1966,$2485628.31,California
Reallinks,Valery Laffranconi,,+55-173-112-9611,29.05.1979,"$2,777,611.57",California
Reallinks,Shandy Kembrey,,+1-410-622-0975,29.05.1979,"$2,777,611.57",California
Cogibox,,ypenton16@dmoz.org,+62-334-628-6275,06.10.1984,,California
Quaxo,Aleece,,+86-220-952-6255,,$4470030.81,California
Skinte,,bmathwen1c@jigsy.com,+58-586-603-5644,,,
Skynoodle,Ronnica Ions,,+30-304-210-1755,23.06.1985,$3395497.81,California
Tagopia,joseito leslie,,+86-173-158-4533,05.08.1998,$4136812.18,California
Zoozzy,kristy aylott,,+49-417-559-9169,23.06.1975,$9894773.62,New York
Zoozzy,Bridie Bickmore,,+63-513-660-3866,23.06.1975,$9894773.62,New York
Zoozzy,Marie-jeanne Summons,,+1-389-310-7956,23.06.1975,$9894773.62,New York
Zoozzy,Llewellyn Comer,,+1-943-822-4935,23.06.1975,$9894773.62,New York
Skyble,Nyssa Balassi,,+351-932-711-8828,20.05.1964,$1728344.76,
Skyble,Nyssa Balassi,,+351-932-711-8828,20.05.1964,$1728344.76,
Avavee,Annalee Terran,,+86-180-595-9706,04.04.2005,$4816410.15,California
Flashset,Agathe Hoonahan,,+62-724-564-5427,19.04.1991,$221895.00,New York
Browsedrive,Amandi Posse,,,27.04.1962,$5162997.69,California
Voolith,Dion Winsper,dwinsper28@sfgate.com,+55-441-880-7302,17.01.1995,$9616429.25,
Skippad,Friedrick Aisman,,+62-353-327-3533,23.12.2022,$2986741.99,California
Vitz,,,+46-416-514-9908,24.03.2007,$7534571.75,California
Vitz,,,+46-416-514-9908,24.03.2007,$7534571.75,California
Realmix,Millie Jahnig,,+86-646-263-2751,16.12.2018,"$7,620,578.88",California
Eimbee,,,+86-933-527-1365,12.06.2003,,Minnesota
Eimbee,,,+86-933-527-1365,12.06.2003,,Minnesota
Eimbee,Gussy Hampshire,,+63-439-171-9583,12.06.2003,,Minnesota
Eimbee,Gussy Hampshire,,+63-439-171-9583,12.06.2003,,Minnesota
Eimbee,Harmon Tuckwood,htuckwood2n@mlb.com,+237-462-363-8087,12.06.2003,,Minnesota
Eimbee,Omero Claxson,oclaxson2o@eepurl.com,,12.06.2003,,Minnesota
Dabfeed,,hclelland2p@prnewswire.com,+55-191-345-9026,,,New York
Tazzy,Kennett Rubinovitsch,krubinovitsch2q@utexas.edu,+7-390-448-5944,22.10.2022,$4145506.95,
